date,sea_temperature_avg,sea_temperature_min,sea_temperature_max,salinity,current_velocity_avg,current_direction_dominant,wave_height_avg,wave_height_max,wave_period_avg,surface_pressure_avg,air_temperature_avg,humidity_avg,tide_level_avg,tide_level_min,tide_level_max,tidal_current_speed,tidal_current_direction,depth,location_name,latitude,longitude,data_source
2025-01-01,9.72,0,10.2,30.88,,,,,,980.3,5.3,,204.3,0,387,33.44,121,30,완도,34.31,126.76,hybrid
2025-01-02,10.23,10,10.4,32.13,,,,,,1023.5,5.5,,205,35,394,38.99,123,30,완도,34.31,126.76,hybrid
2025-01-03,9.4,0,10.6,29.43,,,,,,983.1,4.1,,186.8,0,381,44.7,218,30,완도,34.31,126.76,hybrid
2025-01-04,9.07,0,10.6,28.07,,,,,,898.1,4,,158.9,0,367,38.02,271,30,완도,34.31,126.76,hybrid
2025-01-05,9.08,0,10.6,27.93,,,,,,936.5,4.4,,172.8,0,352,32.32,290,30,완도,34.31,126.76,hybrid
2025-01-06,9.94,0,10.7,31.03,,,,,,1017.4,5,,191,0,322,36.25,267,30,완도,34.31,126.76,hybrid
2025-01-07,10.29,9.9,10.5,32.52,,,,,,1019.7,3.6,,203.6,90,296,37.83,286,30,완도,34.31,126.76,hybrid
2025-01-08,10.1,10,10.2,32.48,,,,,,1020.2,4.9,,211.8,95,288,24.33,291,30,완도,34.31,126.76,hybrid
2025-01-09,9.64,9.4,10,32.11,,,,,,1024.4,-0.8,,195.1,87,283,30.03,288,30,완도,34.31,126.76,hybrid
2025-01-10,9.21,9.1,9.5,32.03,,,,,,1030.8,-1.1,,203.2,65,310,29.54,315,30,완도,34.31,126.76,hybrid
2025-01-11,9.05,8.9,9.3,32.44,,,,,,1028.6,1.7,,205.9,63,338,31.42,108,30,완도,34.31,126.76,hybrid
2025-01-12,9.1,8.9,9.3,32.33,,,,,,1024.4,2.6,,200.9,47,356,35.96,114,30,완도,34.31,126.76,hybrid
2025-01-13,9.07,8.8,9.3,32.3,,,,,,1026.4,3.6,,201.6,35,378,34.43,116,30,완도,34.31,126.76,hybrid
2025-01-14,9.14,8.9,9.2,31.92,,,,,,1024.7,6,,199.4,25,389,37.09,110,30,완도,34.31,126.76,hybrid
2025-01-15,9.23,9.1,9.4,31.77,,,,,,1027.7,2.8,,191.3,9,374,43.66,120,30,완도,34.31,126.76,hybrid
2025-01-16,9.15,8.9,9.3,31.72,,,,,,1025.9,3.7,,191.7,23,380,43.31,118,30,완도,34.31,126.76,hybrid
2025-01-17,9.26,9.1,9.6,31.9,,,,,,1025.7,4.6,,199.6,38,373,42.96,145,30,완도,34.31,126.76,hybrid
2025-01-18,9.29,9.1,9.4,32.04,,,,,,1023.7,4.3,,203.6,62,352,37.38,203,30,완도,34.31,126.76,hybrid
2025-01-19,9.39,9.2,9.6,31.86,,,,,,1017.7,5.3,,203.6,84,332,33.48,246,30,완도,34.31,126.76,hybrid
2025-01-20,9.46,9.4,9.6,32.47,,,,,,1016.3,5.3,,206.5,114,315,34.06,285,30,완도,34.31,126.76,hybrid
2025-01-21,9.42,9.3,9.6,32.84,,,,,,1021.2,5.8,,209.3,133,290,30.92,262,30,완도,34.31,126.76,hybrid
2025-01-22,9.5,9.4,9.6,32.79,,,,,,1023.9,6.1,,207.2,136,259,25.57,287,30,완도,34.31,126.76,hybrid
2025-01-23,9.47,9.4,9.6,32.78,,,,,,1022.9,7.1,,209.6,144,251,17.03,280,30,완도,34.31,126.76,hybrid
2025-01-24,9.46,9.3,9.6,32.8,,,,,,1023.4,7.6,,213,140,269,16.07,162,30,완도,34.31,126.76,hybrid
2025-01-25,9.5,9.4,9.6,32.8,,,,,,1025.6,7.3,,217.8,132,294,22.18,77,30,완도,34.31,126.76,hybrid
2025-01-26,9.27,9.1,9.6,32.75,,,,,,1024.2,6.5,,214.3,121,314,27.57,124,30,완도,34.31,126.76,hybrid
2025-01-27,9.07,8.8,9.2,32.69,,,,,,1017.6,3.2,,203.5,96,329,37.39,112,30,완도,34.31,126.76,hybrid
2025-01-28,8.55,8.3,8.9,32.66,,,,,,1019.8,0.2,,194.8,57,351,40.77,110,30,완도,34.31,126.76,hybrid
2025-01-29,8.23,8,8.4,32.25,,,,,,1025.2,1,,194.7,23,375,42.16,114,30,완도,34.31,126.76,hybrid
2025-01-30,8.28,8.1,8.4,32.47,,,,,,1027.6,2.4,,200,24,394,37.5,107,30,완도,34.31,126.76,hybrid
2025-01-31,8.4,8.2,8.5,32.58,,,,,,1025.1,4.6,,200.5,9,401,46.34,71,30,완도,34.31,126.76,hybrid
2025-02-01,8.57,8.5,8.7,32.54,,,,,,1018.2,6.1,,205.8,16,407,49.7,207,30,완도,34.31,126.76,hybrid
2025-02-02,8.63,8.4,8.9,32.37,,,,,,1017.4,6.1,,206.2,32,399,48.61,328,30,완도,34.31,126.76,hybrid
2025-02-03,8.64,8.4,8.8,32.03,,,,,,1019.4,2.3,,187.9,41,347,42.79,251,30,완도,34.31,126.76,hybrid
2025-02-04,8.26,8.1,8.4,31.89,,,,,,1019.5,-2.6,,190.5,62,318,45.55,270,30,완도,34.31,126.76,hybrid
2025-02-05,8.04,8,8.1,31.73,,,,,,1018.1,-0.8,,193.3,64,298,34.37,277,30,완도,34.31,126.76,hybrid
2025-02-06,7.72,7.3,8,32.57,,,,,,1021.9,-0.2,,198.3,94,279,20.61,291,30,완도,34.31,126.76,hybrid
2025-02-07,7.57,7.3,7.9,32.62,,,,,,1021.1,-4,,181.2,92,277,21.16,249,30,완도,34.31,126.76,hybrid
2025-02-08,7.08,6.9,7.3,32.08,,,,,,1027.6,0,,191.4,87,288,26.54,287,30,완도,34.31,126.76,hybrid
2025-02-09,6.82,6.7,6.9,32.26,,,,,,1027,0,,194.3,83,311,26.58,143,30,완도,34.31,126.76,hybrid
2025-02-10,6.86,6.7,7,32.49,,,,,,1027,-1.7,,192.3,61,330,32.3,107,30,완도,34.31,126.76,hybrid
2025-02-11,6.87,6.6,7.1,32.4,,,,,,1027.5,-14.4,,195.6,40,349,44.67,115,30,완도,34.31,126.76,hybrid
2025-02-12,7,6.8,7.1,30.97,,,,,,974.6,3.5,,187.4,31,368,41.76,112,30,완도,34.31,126.76,hybrid
2025-02-13,7.11,6.9,7.2,32.11,,,,,,1024.1,3.3,,181.5,-3,377,44.2,120,30,완도,34.31,126.76,hybrid
2025-02-14,7.24,6.9,7.5,32.09,,,,,,1022.5,4.9,,185.3,14,364,41.09,111,30,완도,34.31,126.76,hybrid
2025-02-15,7.53,7.4,7.6,32.04,,,,,,1018.1,4.8,,191.7,25,363,44.32,112,30,완도,34.31,126.76,hybrid
2025-02-16,7.82,7.6,8.2,31.75,,,,,,1016.8,6.7,,191.6,58,343,42.39,126,30,완도,34.31,126.76,hybrid
2025-02-17,7.89,7.6,8.1,32.25,,,,,,1023.5,3.9,,183,54,323,45.08,226,30,완도,34.31,126.76,hybrid
2025-02-18,7.68,7.4,7.9,32.42,,,,,,1026.1,2,,188,75,304,44.12,232,30,완도,34.31,126.76,hybrid
2025-02-19,7.62,7.5,7.8,32.13,,,,,,1028,2,,189.9,94,281,37.69,236,30,완도,34.31,126.76,hybrid
2025-03-07,8.31,8.1,8.5,31.41,,,,,,1026,8,,182,116,224,16.04,267.4,30,완도,34.31,126.76,hybrid
2025-03-08,8.51,8.4,8.6,31.52,,,,,,1025.6,7.2,,208.8,126,289,17.89,272,30,완도,34.31,126.76,hybrid
2025-03-09,8.57,8.4,8.7,31.67,,,,,,1028.7,7.5,,202.5,112,290,24.53,175,30,완도,34.31,126.76,hybrid
2025-03-10,8.61,8.5,8.8,31.63,,,,,,1026.1,7.5,,205.2,101,313,33.21,70.2,30,완도,34.31,126.76,hybrid
2025-03-11,8.68,8.5,8.9,32.34,,,,,,1020.1,9.5,,197.6,86,326,42.98,116.1,30,완도,34.31,126.76,hybrid
2025-03-12,8.82,8.7,9,32.63,,,,,,1016.4,10.2,,188.5,66,348,49.31,108.1,30,완도,34.31,126.76,hybrid
2025-03-13,8.97,8.8,9.2,32.5,,,,,,1020.1,11.1,,199,48,360,52.15,110.2,30,완도,34.31,126.76,hybrid
2025-03-14,9.2,9.1,9.4,32.41,,,,,,1022.8,11.6,,206.1,47,364,54.16,108.4,30,완도,34.31,126.76,hybrid
2025-03-15,9.35,9.3,9.4,32.04,,,,,,1019.8,9.4,,214.8,65,371,55.79,117.6,30,완도,34.31,126.76,hybrid
2025-03-16,9.4,9.2,9.5,31.45,,,,,,1015.5,6.5,,187.8,26,352,59.78,111.3,30,완도,34.31,126.76,hybrid
2025-03-17,9.04,8.8,9.2,31.87,,,,,,1018.4,4.5,,197.3,60,336,59.75,112.2,30,완도,34.31,126.76,hybrid
2025-03-18,8.99,8.9,9.1,32.87,,,,,,1016.9,4.3,,201.2,43,357,56.38,279.7,30,완도,34.31,126.76,hybrid
2025-03-19,8.99,8.9,9.1,32.14,,,,,,1024.8,5.7,,145.9,87,244,46.66,285.4,30,완도,34.31,126.76,hybrid
2025-03-20,9,8.8,9.2,32.18,,,,,,1021.8,7.7,,192.9,80,307,45.85,347.3,30,완도,34.31,126.76,hybrid
2025-03-21,9.17,9,9.4,32.08,,,,,,1015.7,12,,196.7,109,284,35.25,334.3,30,완도,34.31,126.76,hybrid
2025-03-22,9.41,9.3,9.6,31.98,,,,,,1013.3,13.4,,205.1,139,271,28.87,311.1,30,완도,34.31,126.76,hybrid
2025-03-23,9.64,9.5,9.8,31.82,,,,,,1011.8,14.8,,214.6,155,269,16.16,312.5,30,완도,34.31,126.76,hybrid
2025-03-24,9.83,9.6,10.1,32.64,,,,,,1006.9,14.6,,215.1,154,289,18.04,288.9,30,완도,34.31,126.76,hybrid
2025-03-25,9.9,9.7,10.3,33.07,,,,,,1003.5,14.4,,220.5,134,317,33.79,226.2,30,완도,34.31,126.76,hybrid
2025-03-26,10.09,9.9,10.5,32.98,,,,,,1005.9,13.1,,232.8,102,340,46.34,123.1,30,완도,34.31,126.76,hybrid
2025-03-27,10.37,10.2,10.6,32.84,,,,,,1000.7,14.6,,223.4,91,379,51.96,113,30,완도,34.31,126.76,hybrid
2025-03-28,10.4,10.2,10.7,32.34,,,,,,1013.4,8,,185.3,34,392,58.02,117.5,30,완도,34.31,126.76,hybrid
2025-03-29,10.28,10.1,10.5,32.13,,,,,,1023,6,,193.7,2,395,61.54,100.6,30,완도,34.31,126.76,hybrid
2025-03-30,10.08,9.9,10.3,31.87,,,,,,1028.9,5.5,,188,-17,406,64.23,104.7,30,완도,34.31,126.76,hybrid
2025-03-31,10.09,9.9,10.3,32.45,,,,,,1026.2,7.4,,169.7,-23,384,65.63,112,30,완도,34.31,126.76,hybrid
2025-04-01,10.34,10.1,10.7,32.73,,,,,,1021.9,10,,186.8,8,366,63.31,113.3,30,완도,34.31,126.76,hybrid
2025-04-02,10.65,10.4,11,32.6,,,,,,1019,10.1,,196.6,21,395,58.92,123,30,완도,34.31,126.76,hybrid
2025-04-03,10.84,10.6,11,32.93,,,,,,1019.9,9.4,,199.4,65,353,49.03,245.1,30,완도,34.31,126.76,hybrid
2025-04-04,11.03,10.9,11.2,33.09,,,,,,1020.2,9.6,,208.3,97,331,38.95,314.2,30,완도,34.31,126.76,hybrid
2025-04-05,11.21,11.1,11.3,32.96,,,,,,1014.1,12,,210.6,122,304,23.36,282.7,30,완도,34.31,126.76,hybrid
2025-04-06,11.32,11.1,11.6,32.85,,,,,,1016.4,11.2,,208.1,140,285,18.75,283.9,30,완도,34.31,126.76,hybrid
2025-04-07,11.47,11.3,11.7,33.09,,,,,,1018.3,12.1,,208.6,132,297,25.41,288.1,30,완도,34.31,126.76,hybrid
2025-04-08,11.61,11.3,11.8,33.07,,,,,,1014.2,15.6,,203.5,121,269,35.92,83,30,완도,34.31,126.76,hybrid
2025-04-09,11.62,11.4,11.9,32.88,,,,,,1011.4,12.8,,221.1,123,320,43.68,88.6,30,완도,34.31,126.76,hybrid
2025-04-10,11.96,11.7,12.1,32.79,,,,,,1006.9,12.9,,250.7,115,321,49.11,122.7,30,완도,34.31,126.76,hybrid
2025-04-11,12.03,11.8,12.3,32.67,,,,,,1010.9,13.8,,266.2,105,341,53.93,117.9,30,완도,34.31,126.76,hybrid
2025-04-12,12.13,12.1,12.2,32.6,,,,,,1008.9,13.3,,123.3,87,151,58.43,102.1,30,완도,34.31,126.76,hybrid
2025-04-13,11.89,11.7,12.1,32.04,,,,,,1004.4,9.6,,209.2,53,355,55.24,105.8,30,완도,34.31,126.76,hybrid
2025-04-14,11.77,11.7,11.9,32.66,,,,,,999.2,11.1,,195.6,57,327,53.21,113.9,30,완도,34.31,126.76,hybrid
2025-04-15,11.95,11.7,12.1,32.05,,,,,,1009.9,10.7,,237.5,98,321,54.13,109,30,완도,34.31,126.76,hybrid
2025-04-16,11.9,11.8,12,32.01,,,,,,1009.6,16.5,,218.9,65,359,61.66,291.8,30,완도,34.31,126.76,hybrid
2025-04-19,12.7,12.7,12.7,31.7,,,,,,1012.2,16.5,,311,311,311,40.04,326.3,30,완도,34.31,126.76,hybrid
2025-04-20,13.04,12.9,13.1,31.6,,,,,,1010.3,16.1,,233.1,188,297,28.45,290,30,완도,34.31,126.76,hybrid
2025-04-24,13.74,13.6,13.9,32.58,,,,,,1009.2,14.5,,226.6,112,326,42.32,119.2,30,완도,34.31,126.76,hybrid
2025-04-25,13.93,13.8,14,32.53,,,,,,1012.9,12.8,,120,77,187,56.05,113.1,30,완도,34.31,126.76,hybrid
2025-04-26,14.1,14.1,14.1,32.3,,,,,,1018.2,10.4,,69,69,69,51.2,103.7,30,완도,34.31,126.76,hybrid
2025-04-28,13.78,13.7,13.9,32.75,,,,,,1010.2,16.9,,306.2,244,363,64.92,102.8,30,완도,34.31,126.76,hybrid
2025-05-02,14.27,14.1,14.4,32.4,,,,,,1011.5,17.1,,188.9,72,260,49.67,132.9,30,완도,34.31,126.76,hybrid
2025-05-03,14.4,14.4,14.4,32.5,,,,,,1008.7,12.3,,342,342,342,40.57,288.4,30,완도,34.31,126.76,hybrid
2025-05-06,14.54,14.5,14.6,32.39,,,,,,1007.3,14.2,,223.5,190,256,32.16,272.4,30,완도,34.31,126.76,hybrid
2025-05-07,14.5,14.5,14.5,32.4,,,,,,1010.9,11.7,,140,140,140,35.15,312,30,완도,34.31,126.76,hybrid
2025-05-08,14.9,14.9,14.9,32.8,,,,,,1015.7,16,,231,231,231,45.53,249.4,30,완도,34.31,126.76,hybrid
2025-05-10,14.82,14.8,14.9,29.78,,,,,,1007.8,14.1,,225.8,115,319,46.35,104.7,30,완도,34.31,126.76,hybrid
2025-05-11,14.8,14.8,14.8,29.9,,,,,,1007.7,13.3,,129,110,148,51.03,117.5,30,완도,34.31,126.76,hybrid
2025-05-12,15,15,15,33.1,,,,,,1012.7,16.7,,320,320,320,50.12,105,30,완도,34.31,126.76,hybrid
2025-05-14,15.5,15.5,15.5,32.7,,,,,,1015.9,18.5,,226.5,189,264,53.94,104.7,30,완도,34.31,126.76,hybrid
2025-05-15,15.57,15.5,15.6,32.7,,,,,,1014.7,18.6,,255,171,321,52.11,109,30,완도,34.31,126.76,hybrid
2025-05-16,15.55,15.5,15.6,32.5,,,,,,1004.4,17.2,,279.5,253,306,46.49,110.8,30,완도,34.31,126.76,hybrid
2025-05-17,15.6,15.6,15.6,32.4,,,,,,1003.4,15,,324,324,324,42.25,102.4,30,완도,34.31,126.76,hybrid
2025-05-18,16.1,16.1,16.1,31.8,,,,,,1011.2,16.5,,221,221,221,34.29,138,30,완도,34.31,126.76,hybrid
2025-05-19,16.04,15.9,16.2,32.22,,,,,,1009.5,16.9,,233.4,161,315,31.4,320.5,30,완도,34.31,126.76,hybrid
2025-05-21,16.2,16.2,16.2,32.4,,,,,,1009,19.2,,247,247,247,29.69,301.3,30,완도,34.31,126.76,hybrid
2025-05-23,16.6,16.4,16.7,32.13,,,,,,1009.9,16.5,,272,176,321,40,234.5,30,완도,34.31,126.76,hybrid
2025-05-24,16.7,16.7,16.7,31.3,,,,,,1006.2,18.4,,98,98,98,45.59,179.1,30,완도,34.31,126.76,hybrid
2025-05-27,16.67,16.5,16.9,32.29,,,,,,1018.4,21.1,,177.5,10,322,53.16,100.5,30,완도,34.31,126.76,hybrid
2025-05-28,16.55,16.5,16.6,32.3,,,,,,1017.9,21.9,,314.5,313,316,51.8,108.3,30,완도,34.31,126.76,hybrid
2025-05-29,16.9,16.8,17,31.95,,,,,,1014.3,20.9,,178,59,297,50.65,114.2,30,완도,34.31,126.76,hybrid
2025-05-30,17.04,16.9,17.1,31.52,,,,,,1012.9,17.6,,257.8,142,350,47.31,106.2,30,완도,34.31,126.76,hybrid
2025-05-31,17.14,17,17.3,31.49,,,,,,1010,20.5,,176.6,80,282,48.15,127.3,30,완도,34.31,126.76,hybrid
2025-06-01,17.2,17,17.3,31.2,,,,,,1009.5,21.3,,261.7,200,359,37.9,297.5,30,완도,34.31,126.76,hybrid
2025-06-02,17.4,17.4,17.4,32.85,,,,,,1001.7,17,,212.5,169,256,33.98,321.9,30,완도,34.31,126.76,hybrid
2025-06-03,17.35,17.3,17.4,32.5,,,,,,998.9,17.4,,301,287,315,29.53,273.5,30,완도,34.31,126.76,hybrid
2025-06-04,17.59,17.3,18,31.25,,,,,,1006.5,22.3,,221.5,184,255,26.04,296.3,30,완도,34.31,126.76,hybrid
2025-06-05,17.67,17.6,17.7,31.37,,,,,,1012.1,17.7,,231.7,217,246,21.9,109.1,30,완도,34.31,126.76,hybrid
2025-06-12,18.3,18.2,18.4,32,,,,,,1014.3,19.8,,213.8,145,291,47.25,105.3,30,완도,34.31,126.76,hybrid
2025-06-13,18.2,18.2,18.2,32.1,,,,,,1014.9,18.9,,231,231,231,47.98,106.6,30,완도,34.31,126.76,hybrid
2025-06-14,17.9,17.9,17.9,31.93,,,,,,999.4,23.8,,265.7,220,289,44.23,112.2,30,완도,34.31,126.76,hybrid
2025-06-16,18.25,18,18.5,32.53,,,,,,1002.4,21.4,,236.8,140,360,42.51,103.9,30,완도,34.31,126.76,hybrid
2025-06-17,18.17,17.9,18.4,32.79,,,,,,1004.9,21.9,,260.1,148,346,34.16,350.1,30,완도,34.31,126.76,hybrid
2025-06-18,18.7,18.1,19,32.67,,,,,,1011.3,21.1,,214.3,154,333,33.24,327,30,완도,34.31,126.76,hybrid
2025-06-19,18.73,18.5,19.1,32.45,,,,,,1012.9,22.4,,222,132,283,28.2,319.1,30,완도,34.31,126.76,hybrid
2025-06-20,18.77,18.4,19.1,32.42,,,,,,1008.5,24.4,,208.4,116,300,28.44,289.3,30,완도,34.31,126.76,hybrid
2025-06-21,18.2,18.2,18.2,32.4,,,,,,1005.7,24.4,,292,292,292,30.88,294.1,30,완도,34.31,126.76,hybrid
2025-06-23,19.1,19.1,19.1,32.7,,,,,,1006.7,24.5,,102,102,102,38.78,102.6,30,완도,34.31,126.76,hybrid
2025-06-24,18.86,18.4,19.3,32.54,,,,,,1005.5,21.2,,213,59,409,39.68,111.3,30,완도,34.31,126.76,hybrid
2025-06-25,18.95,18.9,19,32.4,,,,,,1006.8,19.8,,140,140,140,43.86,99.9,30,완도,34.31,126.76,hybrid
2025-06-26,18.93,18.7,19.2,32.3,,,,,,1009,23.4,,116.7,63,157,47.28,107.8,30,완도,34.31,126.76,hybrid
2025-06-27,18.7,18.7,18.7,32.4,,,,,,1008.5,21.3,,312,312,312,46.38,112.5,30,완도,34.31,126.76,hybrid
2025-06-28,19.09,18.8,19.4,32.24,,,,,,1007.2,26.1,,154,68,268,49.55,110.7,30,완도,34.31,126.76,hybrid
2025-06-30,18.8,18.8,18.8,32.4,,,,,,1009.9,23.2,,369,369,369,40.57,123.3,30,완도,34.31,126.76,hybrid
2025-07-01,19.5,19.2,19.8,32.8,,,,,,1013.1,27.1,,216,157,275,32.85,359.2,30,완도,34.31,126.76,hybrid
2025-07-02,19.79,19,20.2,32.83,,,,,,1011.7,27.8,,213.8,162,320,30.84,300,30,완도,34.31,126.76,hybrid
2025-07-03,19.58,19.2,20.1,32.74,,,,,,1011.5,26.8,,243.6,170,294,23.96,293,30,완도,34.31,126.76,hybrid
2025-07-05,20.17,19.8,20.5,32.79,,,,,,1006.7,27.7,,220.6,147,290,21.83,294.5,30,완도,34.31,126.76,hybrid
2025-07-06,19.82,19.6,20,32.82,,,,,,1005.5,27.5,,289.4,255,313,21.3,264.5,30,완도,34.31,126.76,hybrid
2025-07-09,21,20.6,21.4,32.82,,,,,,1008.4,26.1,,258,112,375,38.49,92.9,30,완도,34.31,126.76,hybrid
2025-07-10,21.76,21.5,22,32.58,,,,,,1009.2,27.2,,344.4,277,392,45.17,102.6,30,완도,34.31,126.76,hybrid
2025-07-11,22.05,22,22.1,32.5,,,,,,1008.9,27.3,,231.3,167,306,53.58,105,30,완도,34.31,126.76,hybrid
2025-07-12,22.72,22.5,23,31.86,,,,,,1008.4,26.4,,226.4,85,324,58.17,104.5,30,완도,34.31,126.76,hybrid
2025-07-14,23,23,23,31.2,,,,,,996.4,23.1,,302,302,302,56.78,110.4,30,완도,34.31,126.76,hybrid
2025-07-15,23.15,23.1,23.3,32.43,,,,,,996.6,24.7,,237.8,147,331,57.04,207,30,완도,34.31,126.76,hybrid
2025-07-16,23.23,23.1,23.3,32.06,,,,,,1002.2,25.1,,241.7,160,348,50.67,330,30,완도,34.31,126.76,hybrid
2025-07-17,23.23,23.2,23.3,31.4,,,,,,1004.5,27.9,,218.8,143,322,46.28,308.7,30,완도,34.31,126.76,hybrid
2025-07-19,23.61,23.4,23.8,30.95,,,,,,1009.4,27.1,,243.6,120,315,31.83,299.9,30,완도,34.31,126.76,hybrid
2025-07-20,23.9,23.9,23.9,30.9,,,,,,1010.7,25.5,,222,222,222,29.54,295.3,30,완도,34.31,126.76,hybrid
2025-07-21,24.35,24.3,24.4,30.95,,,,,,1013.1,26.1,,214,181,247,30.12,212.7,30,완도,34.31,126.76,hybrid
2025-07-22,24.8,24.8,24.8,31.9,,,,,,1013.6,26.3,,210,210,210,35.43,97.7,30,완도,34.31,126.76,hybrid
2025-07-23,24.99,24.8,25.3,31.05,,,,,,1012.5,28.7,,202.2,61,286,37.85,106.4,30,완도,34.31,126.76,hybrid
2025-07-24,24.83,24.4,25.2,30.86,,,,,,1009.8,28.3,,216.2,75,404,39.36,103.3,30,완도,34.31,126.76,hybrid
2025-07-25,24.75,24.4,25.1,30.48,,,,,,1007.9,28.3,,206,60,331,40.29,107.2,30,완도,34.31,126.76,hybrid
2025-07-26,24.87,24.5,25.2,29.24,,,,,,1006.1,29.5,,202.6,67,335,50.08,102.9,30,완도,34.31,126.76,hybrid
2025-07-27,25.34,25.1,25.6,29.03,,,,,,1004.2,30,,219,77,371,53.97,114,30,완도,34.31,126.76,hybrid
2025-07-28,25.52,25.4,25.8,31.56,,,,,,1002.8,29.7,,245.2,107,324,56.29,109.4,30,완도,34.31,126.76,hybrid
2025-07-29,25.75,25.6,25.9,29.91,,,,,,1000.7,27.6,,218.2,132,313,52.43,109.1,30,완도,34.31,126.76,hybrid
2025-07-30,25.9,25.8,26,29.33,,,,,,1000.2,27.1,,217.8,157,308,52.58,132.7,30,완도,34.31,126.76,hybrid
2025-07-31,26.12,25.8,26.3,29.06,,,,,,1002,28.5,,226.8,176,308,42.82,0.1,30,완도,34.31,126.76,hybrid
2025-08-01,26.4,26.2,26.6,28.91,,,,,,1002.4,28.2,,234.2,157,298,33.45,307.2,30,완도,34.31,126.76,hybrid
2025-08-02,24.37,0,26.7,26.41,,,,,,1002.7,28.9,,212.7,0,278,20.96,327,30,완도,34.31,126.76,hybrid
2025-08-03,26.35,26.3,26.4,28.9,,,,,,999.4,28.9,,276.5,267,286,11.98,284.2,30,완도,34.31,126.76,hybrid
2025-08-04,26.53,26.4,26.6,30.85,,,,,,1001.6,29,,251.8,163,311,17.18,301.1,30,완도,34.31,126.76,hybrid
2025-08-05,26.39,25.5,26.8,31.31,,,,,,1004.9,28.9,,208.4,146,322,22.88,103.6,30,완도,34.31,126.76,hybrid
2025-08-07,25.44,25,25.9,30.72,,,,,,1002.9,28.7,,204.7,108,281,33.3,96.9,30,완도,34.31,126.76,hybrid
2025-08-08,24.8,24.4,25.4,30.53,,,,,,1004.2,25.4,,225.8,154,309,37.76,101.2,30,완도,34.31,126.76,hybrid
2025-08-09,23.78,22.8,24.6,29.63,,,,,,1003.4,24,,215.8,73,345,41.61,100.4,30,완도,34.31,126.76,hybrid
2025-08-10,23.36,22.4,23.9,29.4,,,,,,1000.9,26.3,,203.6,70,403,48.97,104.9,30,완도,34.31,126.76,hybrid
2025-08-11,23.32,23.1,23.7,29.1,,,,,,1003.5,24.2,,209,118,291,52.63,108,30,완도,34.31,126.76,hybrid
2025-08-12,22.9,22.5,23.4,29.05,,,,,,1008.3,22.6,,241.7,94,378,56.66,103.8,30,완도,34.31,126.76,hybrid
2025-08-13,23,22.5,23.8,26.54,,,,,,1013.3,26.9,,162.7,83,311,46.57,129.4,30,완도,34.31,126.76,hybrid
2025-08-14,22.67,22.3,23.2,29.37,,,,,,1015.3,28.6,,250.9,150,346,40.3,132.5,30,완도,34.31,126.76,hybrid
2025-08-15,23,22.5,23.3,28.99,,,,,,1015.6,26.3,,176.1,88,299,39.51,187.1,30,완도,34.31,126.76,hybrid
2025-08-16,22.96,22.3,23.5,28.73,,,,,,1013.6,28,,216.3,104,310,34.08,188.1,30,완도,34.31,126.76,hybrid
2025-08-17,23.29,22.5,23.7,28.46,,,,,,1014.1,28.2,,254.9,156,300,28.1,322.7,30,완도,34.31,126.76,hybrid
2025-08-18,23.39,22.9,23.9,29.65,,,,,,1014.5,28.4,,223.8,116,318,32.26,109.2,30,완도,34.31,126.76,hybrid
2025-08-19,22.96,22.5,23.7,30.2,,,,,,1011.2,29.2,,273.9,145,341,29.28,105.9,30,완도,34.31,126.76,hybrid
2025-08-20,22.78,22.5,23.1,30.17,,,,,,1010.4,26.5,,198.2,148,256,36.45,112.6,30,완도,34.31,126.76,hybrid
2025-08-21,22.67,21.9,23.2,29.72,,,,,,1010,28.5,,199.4,75,383,37.5,103.1,30,완도,34.31,126.76,hybrid
2025-08-22,22.5,21.7,23.2,29.6,,,,,,1009.5,27.2,,256.1,125,390,43.41,105.6,30,완도,34.31,126.76,hybrid
2025-08-23,22.26,21.2,22.9,29.22,,,,,,1010.7,28.5,,219.4,47,393,44.05,99.4,30,완도,34.31,126.76,hybrid
2025-08-24,22.16,21.6,22.7,29.31,,,,,,1011.8,26,,204.3,96,364,49.94,104.2,30,완도,34.31,126.76,hybrid
2025-08-25,22.03,21.7,22.4,31.03,,,,,,1011.7,28.6,,227.1,125,331,49.9,109.1,30,완도,34.31,126.76,hybrid
2025-08-26,21.92,21.4,22.3,31.37,,,,,,1010.2,27.9,,183.2,80,334,50.05,108.9,30,완도,34.31,126.76,hybrid
2025-08-27,22.16,21.9,22.4,30.79,,,,,,1010.3,26.4,,134.4,88,229,45.75,111.2,30,완도,34.31,126.76,hybrid
2025-08-28,21.76,21.1,22.3,30.07,,,,,,1012.7,27,,219.2,112,324,43.2,110.2,30,완도,34.31,126.76,hybrid
2025-08-29,21.65,21.1,22.1,30.08,,,,,,1014,27.4,,218.4,108,312,35.77,129.2,30,완도,34.31,126.76,hybrid
2025-08-30,21.95,21.3,22.4,30.06,,,,,,1014.1,27.2,,211.5,122,285,32.07,117.6,30,완도,34.31,126.76,hybrid
2025-08-31,22.21,21.7,22.5,29.6,,,,,,1009.9,26.5,,209.5,143,251,23.93,105.6,30,완도,34.31,126.76,hybrid
2025-09-01,22.54,22.3,22.8,30.73,,,,,,1007.5,26.7,,235.9,182,274,19.28,84.3,30,완도,34.31,126.76,hybrid
2025-09-02,23.39,22.1,24.1,31.25,,,,,,1008.5,28.5,,234.4,159,296,16.88,86.2,30,완도,34.31,126.76,hybrid
2025-09-03,22.72,22.3,23.4,31.24,,,,,,1010.3,25.3,,242.8,196,324,25.02,109.5,30,완도,34.31,126.76,hybrid
2025-09-04,23.09,22.7,23.5,30.8,,,,,,1008,28.3,,234.3,161,338,31.26,106.5,30,완도,34.31,126.76,hybrid
2025-09-05,23.02,22.8,23.3,30.38,,,,,,1010.9,28.1,,274,135,364,35.38,92.1,30,완도,34.31,126.76,hybrid
2025-09-06,23.28,22.9,23.6,30.18,,,,,,1010,28.1,,190.9,63,322,47.55,98.1,30,완도,34.31,126.76,hybrid
2025-09-07,22.86,22.1,23.1,30.01,,,,,,1008.4,27.5,,222.1,39,398,53.35,98.5,30,완도,34.31,126.76,hybrid
2025-09-08,22.33,21.7,22.8,31.4,,,,,,1009.8,25.4,,200.3,32,407,55.84,97.9,30,완도,34.31,126.76,hybrid
2025-09-09,22.02,21.5,22.2,31.4,,,,,,1010.7,22.6,,205.6,44,386,58.82,99.8,30,완도,34.31,126.76,hybrid
2025-09-10,21.52,21.1,21.9,30.78,,,,,,1011,23.8,,207,47,390,54.91,109.5,30,완도,34.31,126.76,hybrid
2025-09-11,21.22,21,21.5,30.56,,,,,,1013.3,25.3,,218.1,49,390,56.55,107.2,30,완도,34.31,126.76,hybrid
2025-09-12,21.16,20.9,21.3,30.47,,,,,,1011.1,25.6,,211.9,53,379,50.25,149.2,30,완도,34.31,126.76,hybrid
2025-09-13,21.4,21,21.7,30.22,,,,,,1007.1,27,,218.3,76,337,41.88,150.8,30,완도,34.31,126.76,hybrid
2025-09-14,20.54,0,21.9,28.18,,,,,,965.4,24.2,,213.3,0,325,30.63,311.3,30,완도,34.31,126.76,hybrid
2025-09-15,21.66,21.4,22,31.12,,,,,,1014.5,24.5,,223,124,303,16.97,283.5,30,완도,34.31,126.76,hybrid
2025-09-16,22.03,21.7,22.4,31.65,,,,,,1013.1,26.8,,209.6,124,305,15.52,174.4,30,완도,34.31,126.76,hybrid
2025-09-17,22.33,22.1,22.5,31.01,,,,,,1010.8,26.5,,216.1,109,334,25.94,345.4,30,완도,34.31,126.76,hybrid
2025-09-18,22.29,21.8,22.7,30.73,,,,,,1014,24.3,,225.9,113,359,33.2,57.7,30,완도,34.31,126.76,hybrid
2025-09-19,22.42,22.1,22.6,30.54,,,,,,1014.8,24,,222.2,89,362,45.84,105.3,30,완도,34.31,126.76,hybrid
2025-09-20,22.3,22,22.7,30.2,,,,,,1009.1,24.8,,207.2,60,371,48.42,104.9,30,완도,34.31,126.76,hybrid
2025-09-21,22.25,22,22.4,30.17,,,,,,1015.1,22.7,,227.7,81,392,50.7,94.6,30,완도,34.31,126.76,hybrid
2025-09-22,22.04,21.8,22.2,31.11,,,,,,1017.9,23.6,,222.5,84,372,52.88,98.7,30,완도,34.31,126.76,hybrid
2025-09-23,22,21.8,22.3,30.67,,,,,,1016.9,23.9,,211.5,83,369,55.09,100.2,30,완도,34.31,126.76,hybrid
2025-09-24,22.2,22.1,22.4,30.18,,,,,,1013.9,24.9,,213.5,89,364,56.9,98.4,30,완도,34.31,126.76,hybrid
2025-09-25,22.35,22.2,22.5,29.77,,,,,,1016.7,23.5,,217.6,78,350,55.27,105.8,30,완도,34.31,126.76,hybrid
2025-09-26,22.58,22.4,22.7,29.42,,,,,,1017.8,24.4,,203.4,90,340,51,102.2,30,완도,34.31,126.76,hybrid
2025-09-27,22.76,22.7,22.9,29.14,,,,,,1016.4,23.1,,216.5,107,329,46.9,106.5,30,완도,34.31,126.76,hybrid
2025-09-28,22.86,22.7,23,29.1,,,,,,1011.5,23.9,,217.8,126,298,37.04,102.6,30,완도,34.31,126.76,hybrid
2025-09-29,23.02,22.9,23.2,28.99,,,,,,1012.2,22.9,,218.1,140,287,25.87,179.5,30,완도,34.31,126.76,hybrid
2025-09-30,23.04,22.9,23.2,29.17,,,,,,1012.5,21.7,,227.3,163,285,15.79,158.2,30,완도,34.31,126.76,hybrid
2025-10-01,23.17,22.9,23.4,29.13,,,,,,1013.3,22.2,,226.1,166,297,15.66,127.8,30,완도,34.31,126.76,hybrid
2025-10-02,23.03,22.8,23.3,30.78,,,,,,1016.5,21.6,,225.6,149,314,18.65,282.5,30,완도,34.31,126.76,hybrid
2025-10-03,22.67,22.4,23,30.46,,,,,,1013.7,19.8,,231.4,138,346,33.55,115.5,30,완도,34.31,126.76,hybrid
2025-10-04,22.52,22.3,22.7,29.21,,,,,,1012.6,23.2,,226.7,100,358,37.44,121.5,30,완도,34.31,126.76,hybrid
2025-10-05,22.6,22.5,22.7,29.14,,,,,,1013.7,23.5,,224.4,70,373,46.33,83.2,30,완도,34.31,126.76,hybrid
2025-10-06,22.67,22.5,22.9,29.06,,,,,,1014.2,23.3,,219.4,57,394,53.05,99.3,30,완도,34.31,126.76,hybrid
2025-10-07,22.69,22.5,22.8,30.67,,,,,,1013.8,23.5,,211.6,45,400,55.23,91.9,30,완도,34.31,126.76,hybrid
2025-10-08,22.67,22.5,22.8,30.77,,,,,,1014.4,23.5,,206.6,21,415,59,95.1,30,완도,34.31,126.76,hybrid
2025-10-09,22.68,22.5,22.8,29.99,,,,,,1017.2,23.4,,220,30,431,59.46,99.8,30,완도,34.31,126.76,hybrid
2025-10-10,22.57,22.4,22.7,29.48,,,,,,1016.7,22.3,,228,40,415,52.5,94.7,30,완도,34.31,126.76,hybrid
2025-10-11,22.54,22.5,22.7,29.5,,,,,,1012.7,23,,225.3,58,392,49.45,114.2,30,완도,34.31,126.76,hybrid
2025-10-12,22.58,22.4,22.8,29.38,,,,,,1012.1,23.7,,232,84,361,42.58,97.4,30,완도,34.31,126.76,hybrid
2025-10-13,22.76,22.6,22.9,29.37,,,,,,1013.7,23.5,,239.3,128,337,29.77,44.2,30,완도,34.31,126.76,hybrid
2025-10-14,22.95,22.8,23.2,30.85,,,,,,1014.6,22.7,,240,148,326,22.39,214.7,30,완도,34.31,126.76,hybrid
2025-10-15,23.07,22.9,23.2,31.5,,,,,,1017.2,22.1,,239.9,163,331,23.33,175.4,30,완도,34.31,126.76,hybrid
2025-10-16,23.07,22.9,23.2,31.31,,,,,,1015.7,23.2,,233.2,135,340,32.27,153.9,30,완도,34.31,126.76,hybrid
2025-10-17,23.03,22.9,23.2,30.99,,,,,,1019.3,22.7,,243,141,350,35.58,177.9,30,완도,34.31,126.76,hybrid
2025-10-18,22.9,22.8,23,30.68,,,,,,1017.1,21.2,,227.6,106,350,40.8,113.9,30,완도,34.31,126.76,hybrid
2025-10-19,22.57,22.4,22.8,30.42,,,,,,1020.9,19.7,,236.6,116,357,51.02,85.2,30,완도,34.31,126.76,hybrid
2025-10-20,22.02,21.7,22.5,30.87,,,,,,1023.6,16.1,,223.6,104,348,42.29,84,30,완도,34.31,126.76,hybrid
2025-10-21,21.47,21.3,21.9,31.26,,,,,,1025.2,15.8,,225.3,88,368,46.85,113.4,30,완도,34.31,126.76,hybrid
2025-10-22,21.13,20.9,21.4,30.87,,,,,,1024.7,17.4,,226.2,81,376,44.17,91,30,완도,34.31,126.76,hybrid
2025-10-23,21.25,21,21.4,30.74,,,,,,1024.6,18.8,,225.7,80,383,45.78,85.7,30,완도,34.31,126.76,hybrid
2025-10-24,21.3,21,21.5,30.7,,,,,,1023.5,18.3,,227,84,372,43.54,86.1,30,완도,34.31,126.76,hybrid
2025-10-25,21.27,21.1,21.5,29.9,,,,,,1019.9,17.8,,227.8,92,367,39.69,89.1,30,완도,34.31,126.76,hybrid
2025-10-26,21.09,20.9,21.3,29.25,,,,,,1017.4,16.8,,227.9,99,355,39.44,79.1,30,완도,34.31,126.76,hybrid
2025-10-27,20.79,20.6,21,30.8,,,,,,1020.9,13.9,,223.1,116,324,29.42,79.3,30,완도,34.31,126.76,hybrid
2025-10-28,20.47,20.3,20.7,31.4,,,,,,1026.1,12.6,,224.6,135,306,45.28,288.2,30,완도,34.31,126.76,hybrid
2025-10-29,19.25,0,20.3,29.13,,,,,,1027.5,13.8,,225.5,153,299,40.06,185.2,30,완도,34.31,126.76,hybrid
2025-10-30,19.92,19.7,20.1,29.86,,,,,,1024.1,15.5,,224.1,157,303,38.53,45.1,30,완도,34.31,126.76,hybrid
2025-10-31,19.82,19.6,20,29.75,,,,,,1016.4,16.7,,225.5,160,313,21.87,282.7,30,완도,34.31,126.76,hybrid
2025-11-01,19.8,19.6,20,29.8,,,,,,1014.5,16.1,,218.6,133,327,36.19,276.7,30,완도,34.31,126.76,hybrid
2025-11-02,19.65,19.5,19.8,30,,,,,,1018.9,14.8,,222.5,111,343,44.64,190.1,30,완도,34.31,126.76,hybrid
2025-11-03,19.11,17.9,19.6,30.36,,,,,,1026.4,11,,228,88,364,48.47,131.4,30,완도,34.31,126.76,hybrid
2025-11-04,19.01,18.7,19.2,31.97,,,,,,1024.9,14.5,,221.4,58,387,52.97,105.3,30,완도,34.31,126.76,hybrid
2025-11-05,19.06,18.8,19.3,31.9,,,,,,1022.1,15.4,,218.1,25,413,53.21,103.5,30,완도,34.31,126.76,hybrid
2025-11-06,19.1,18.9,19.3,31.96,,,,,,1022,15.5,,218,12,429,55.15,105.8,30,완도,34.31,126.76,hybrid
2025-11-07,19.02,18.8,19.3,31.82,,,,,,1022.9,16.6,,219.9,6,435,56.4,102.5,30,완도,34.31,126.76,hybrid
2025-11-08,18.92,18.7,19.3,31.76,,,,,,1020.4,16.8,,230.5,37,431,50.45,106,30,완도,34.31,126.76,hybrid
2025-11-09,18.82,18.7,19,31.44,,,,,,1016,16,,223.7,55,392,47.75,141.6,30,완도,34.31,126.76,hybrid
2025-11-10,18.57,18.3,19,32.18,,,,,,1018.8,13.3,,220.9,69,369,40.67,242.6,30,완도,34.31,126.76,hybrid
2025-11-11,17.98,17.8,18.3,31.64,,,,,,1020.2,12.1,,227.6,109,347,35.29,302.6,30,완도,34.31,126.76,hybrid
2025-11-12,17.85,17.8,17.9,30.95,,,,,,1021.6,13.3,,230.3,140,324,26.04,256.2,30,완도,34.31,126.76,hybrid
2025-11-13,17.72,17.7,17.8,30.99,,,,,,1018.5,14.4,,217.8,133,308,26.5,270,30,완도,34.31,126.76,hybrid
2025-11-14,17.55,17.4,17.7,31.08,,,,,,1019.7,13.4,,219.1,147,301,31.38,271.6,30,완도,34.31,126.76,hybrid
2025-11-15,17.35,17.2,17.6,31.17,,,,,,1025.1,12.5,,219.7,142,303,39.86,277.2,30,완도,34.31,126.76,hybrid
2025-11-16,17.44,17.3,17.6,31.31,,,,,,1025.5,13.7,,214,115,301,41.51,126.3,30,완도,34.31,126.76,hybrid
2025-11-17,17.24,16.8,17.6,32.07,,,,,,1026.2,10.9,,198.4,92,303,39.76,129.9,30,완도,34.31,126.76,hybrid
2025-11-18,16.6,16.5,16.8,32.31,,,,,,1025.9,8.7,,204,75,325,45.01,99.6,30,완도,34.31,126.76,hybrid
2025-11-19,16.51,16.4,16.6,32.34,,,,,,1025.2,8.5,,209.6,66,359,45.79,107.6,30,완도,34.31,126.76,hybrid
2025-11-20,16.47,16.3,16.6,32.21,,,,,,1024.9,11,,204.2,57,360,48.13,105.7,30,완도,34.31,126.76,hybrid
2025-11-21,16.37,16.1,16.5,31.67,,,,,,1025.1,11.3,,202,53,360,43.72,105,30,완도,34.31,126.76,hybrid
2025-11-22,16.28,16.1,16.4,31.4,,,,,,1025.6,10.4,,207.2,60,367,48.25,107.9,30,완도,34.31,126.76,hybrid
2025-11-23,16.21,16.1,16.3,31.37,,,,,,1022.7,11.1,,206.7,67,357,43.65,112,30,완도,34.31,126.76,hybrid
2025-11-24,16.2,16,16.3,32.44,,,,,,1017.9,13.8,,210.5,74,349,43.53,108.9,30,완도,34.31,126.76,hybrid
2025-11-25,16.08,15.8,16.3,32.87,,,,,,1016.9,11.7,,202.2,88,315,39.99,117,30,완도,34.31,126.76,hybrid
2025-11-26,15.66,15.5,15.8,32.64,,,,,,1023.7,9.6,,213.1,110,318,36.88,143.6,30,완도,34.31,126.76,hybrid
2025-11-27,15.5,15.3,15.7,32.53,,,,,,1017.7,9.8,,202.4,130,284,30.83,122.5,30,완도,34.31,126.76,hybrid
2025-11-28,15.09,15,15.3,32.34,,,,,,1020.3,8.4,,211.3,142,293,26.69,281.9,30,완도,34.31,126.76,hybrid
2025-11-29,15.02,14.9,15.2,32.24,,,,,,1017.9,9.5,,215,139,301,26.25,286,30,완도,34.31,126.76,hybrid
2025-11-30,15.04,14.9,15.2,32.2,,,,,,1016.1,13.7,,211.7,124,301,32,274.2,30,완도,34.31,126.76,hybrid
2025-12-01,14.93,14.8,15.1,32.69,,,,,,1017.9,12.1,,213.5,103,312,36.48,278.9,30,완도,34.31,126.76,hybrid
2025-12-02,14.45,14.2,14.9,32.95,,,,,,1020.3,8,,213.6,85,335,41.52,274.1,30,완도,34.31,126.76,hybrid
2025-12-03,14.07,13.8,14.4,32.86,,,,,,1024,3.5,,201.9,48,365,42.44,129.5,30,완도,34.31,126.76,hybrid
2025-12-04,13.84,13.6,14,32.66,,,,,,1025.6,4.9,,209,26,400,50.06,105.8,30,완도,34.31,126.76,hybrid
2025-12-05,13.61,13.3,13.9,32.08,,,,,,1026.3,5.5,,202.8,-16,411,47.7,103.5,30,완도,34.31,126.76,hybrid
2025-12-06,13.46,13.2,13.7,31.6,,,,,,1022.4,5.5,,207.7,1,421,51.49,115.2,30,완도,34.31,126.76,hybrid
2025-12-07,13.46,13.2,13.6,31.52,,,,,,1021.1,11.4,,206.8,5,420,50.95,113.2,30,완도,34.31,126.76,hybrid
2025-12-08,13.46,13.3,13.6,32.37,2.28,135,0.5,0.68,,1025.1,9.5,62.9,203.8,17,395,49.42,242.8,30,완도 해역,34.31,126.76,hybrid
2025-12-09,13.24,13,13.4,32.84,2.06,134,0.26,0.4,,1026.8,7.2,65.4,207.3,48,366,44.94,248.5,30,완도 해역,34.31,126.76,hybrid
2025-12-10,13.14,13,13.3,32.73,1.78,102,0.1,0.22,,1024.8,8.7,66.8,211.3,81,344,38.3,282.5,30,완도 해역,34.31,126.76,hybrid
2025-12-11,13.2,13.1,13.3,32.65,1.6,118,0.54,0.76,,1019.8,10.5,73.3,206.8,113,297,33.6,273.2,30,완도 해역,34.31,126.76,hybrid
2025-12-12,12.72,12.6,13,32.41,1.4,211,0.63,1.04,,1027.3,7.4,66.7,219.6,155,296,25.63,280.3,30,완도 해역,34.31,126.76,hybrid
2025-12-13,12.59,12.5,12.7,32.18,1.45,235,0.68,0.9,,1021.2,8.4,78.4,215.4,132,276,24.03,267.5,30,완도 해역,34.31,126.76,hybrid
2025-12-14,12.07,11.9,12.2,32.1,1.22,166,0.73,0.98,3.46,1019.23,5.61,67.4,196.3,116,257,26.95,287.9,30,완도 해역,34.31,126.76,open-meteo
2025-12-15,11.82,11.7,11.9,32.72,1.29,126,0.27,0.46,3.64,1023.8,5.93,68.8,211.4,115,283,30.45,271.7,30,완도 해역,34.31,126.76,open-meteo
2025-12-16,11.25,11.15,11.32,32.85,1.36,10,0.25,0.3,3.15,1021.67,7.9,80.3,211.7,112,307,35.4,167.3,30,완도 해역,34.31,126.76,open-meteo
2025-12-17,11.36,11.06,11.66,32.58,1.55,167,0.48,0.78,3.07,1021.48,8.05,70.9,204.3,101,317,37.17,112.5,30,완도 해역,34.31,126.76,open-meteo
2025-12-18,11.44,11.32,11.49,32.4,1.67,140,0.2,0.46,3.04,1024.69,6.49,60.3,205.4,83,337,42.21,102.6,30,완도 해역,34.31,126.76,open-meteo
2025-12-19,11.34,11.23,11.49,32.14,1.76,113,0.23,0.36,3.25,1020.15,10.79,74.5,213.3,77,355,42.27,102.2,30,완도 해역,34.31,126.76,open-meteo
2025-12-20,11.2,11.06,11.32,31.85,1.93,120,0.35,0.62,3.36,1017.91,12.1,87.4,212.3,63,370,40.81,103.5,30,완도 해역,34.31,126.76,open-meteo
2025-12-21,11.03,10.89,11.15,31.04,2.07,176,0.67,0.98,3.22,1025.32,4.4,51.9,206.4,45,373,46.35,110.3,30,완도 해역,34.31,126.76,open-meteo
2025-12-22,10.74,10.63,10.89,32.2,1.93,174,0.33,0.46,2.65,1027.66,3.79,46.6,211.9,59,370,44.9,110.4,30,완도 해역,34.31,126.76,open-meteo
2025-12-23,10.63,10.63,10.63,32.44,1.86,230,0.45,0.52,3.24,1021.04,9.65,73.1,209.8,63,369,45.05,126.2,30,완도 해역,34.31,126.76,open-meteo
2025-12-24,10.91,10.63,11.23,31.86,1.9,180,0.48,0.64,3.4,1014.74,7.8,79.8,206.8,67,358,42.7,146.9,30,완도 해역,34.31,126.76,open-meteo
2025-12-25,10.98,10.72,11.15,31.06,1.95,163,0.93,1.3,3.63,1018.29,3.04,58.9,198.9,70,330,41.67,205.4,30,완도 해역,34.31,126.76,open-meteo
2025-12-26,10.52,10.38,10.72,30.62,1.78,165,0.66,1.02,3.16,1025.41,-1.82,56.1,198.4,84,323,41.13,231.3,30,완도 해역,34.31,126.76,open-meteo
2025-12-27,10.25,10.21,10.38,30.7,1.61,118,0.18,0.38,2.42,1025.4,1.29,56.6,207.9,107,312,35.28,281.6,30,완도 해역,34.31,126.76,open-meteo
2025-12-28,10.08,9.87,10.21,30.71,1.46,51,0.09,0.36,3.08,1021.82,6.3,64.8,209.3,109,294,32.02,282.7,30,완도 해역,34.31,126.76,open-meteo
2025-12-29,9.67,9.62,9.79,32.16,1.43,72,0.44,0.52,3.54,1017.92,9.54,75.5,210.3,105,284,30.02,279.3,30,완도 해역,34.31,126.76,open-meteo
2025-12-30,9.53,9.53,9.53,32.99,1.38,155,0.36,0.52,2.74,1021.84,4.79,45.8,212.8,92,301,31.18,263.8,30,완도 해역,34.31,126.76,open-meteo
2025-12-31,9.51,9.36,9.62,32.62,1.58,163,0.47,0.58,2.76,1024.97,0.97,45.7,205.6,79,327,35.25,188.4,30,완도 해역,34.31,126.76,open-meteo
2026-01-01,9.44,9.29,9.66,32.65,1.83,179,0.53,0.82,2.97,1024.42,-2.23,46.5,203.5,43,356,39.28,138.3,30,완도 해역,34.31,126.76,open-meteo
2026-01-02,9.1,9.01,9.29,32.59,2.03,173,0.54,0.84,3.09,1023.8,-1.88,75.1,197.5,29,369,42.3,103.3,30,완도 해역,34.31,126.76,open-meteo
2026-01-03,9.03,9.01,9.1,32.42,2.33,146,0.51,0.84,3.08,1026.04,1.55,70.9,198,7,393,45.54,101,30,완도 해역,34.31,126.76,open-meteo
2026-01-04,8.97,8.83,9.01,32.55,2.42,99,0.36,0.42,2.87,1023.6,4.44,62.8,200,-3,413,47.42,107.6,30,완도 해역,34.31,126.76,open-meteo
2026-01-05,8.6,8.55,8.74,32.64,2.47,149,0.48,0.6,2.82,1020.67,4.15,58.9,197.4,-4,411,52.53,116.7,30,완도 해역,34.31,126.76,open-meteo
2026-01-06,8.4,8.37,8.55,32.85,2.4,146,0.4,0.52,2.62,1022.09,2.4,49.9,204.8,14,406,43.41,206.7,30,완도 해역,34.31,126.76,open-meteo
2026-01-07,8.63,8.28,9.01,32.8,2.28,127,0.59,0.9,3.28,1020.25,4.83,60.2,199.1,30,388,48.59,211,30,완도 해역,34.31,126.76,open-meteo
2026-01-08,8.73,8.55,8.83,32.67,2.05,150,0.56,0.76,3.08,1025.33,0.97,52.8,196.8,57,351,47,253.7,30,완도 해역,34.31,126.76,open-meteo
2026-01-09,8.35,8.18,8.55,32.6,1.9,56,0.38,1.08,2.95,1021.94,4.41,57,201.7,96,315,35.83,280.4,30,완도 해역,34.31,126.76,open-meteo
2026-01-10,8.07,7.91,8.18,32.4,2.06,64,1.35,1.92,4.96,1015.13,7.78,54.8,188.2,87,268,34.67,279.1,30,완도 해역,34.31,126.76,open-meteo
2026-01-11,7.83,7.82,7.91,32.38,1.14,182,0.57,0.94,4.02,1022.91,-1.11,60.9,197,136,262,30.41,274.3,30,완도 해역,34.31,126.76,open-meteo
2026-01-12,7.75,7.72,7.82,33.12,1.53,65,0.49,1.04,3.92,1019.56,2.92,68.3,209.5,146,258,22.08,277.4,30,완도 해역,34.31,126.76,open-meteo
2026-01-13,7.61,7.45,7.72,33.22,1.22,88,0.73,1.04,4.08,1016.45,5.59,61.4,192.5,132,244,21.09,263.4,30,완도 해역,34.31,126.76,open-meteo
2026-01-14,7.7,7.26,8.09,33.1,1.1,94,0.21,0.48,3.54,1021.42,3.07,69.8,207.3,124,284,26.21,279.7,30,완도 해역,34.31,126.76,open-meteo
2026-01-15,7.94,7.91,8,32.98,1.45,75,0.83,1.42,4.51,1014.69,11.62,78.2,201.5,116,297,29.49,87.2,30,완도 해역,34.31,126.76,open-meteo
2026-01-16,8.04,7.82,8.37,32.85,1.53,110,0.2,0.36,4.31,1016.99,7.47,63.7,212.3,97,332,35.21,106.3,30,완도 해역,34.31,126.76,open-meteo
2026-01-17,7.96,7.91,8.09,32.63,1.79,168,0.21,0.4,3.13,1018.2,6.22,59.3,209,77,347,37.71,110.9,30,완도 해역,34.31,126.76,open-meteo
2026-01-18,7.95,7.82,8.09,32.34,1.85,176,0.17,0.22,2.81,1018.53,6.1,74,213.5,72,362,42.51,107,30,완도 해역,34.31,126.76,open-meteo
2026-01-19,7.89,7.82,7.91,32.48,2.11,160,0.62,0.96,3.07,1020.61,2.68,65.3,198,49,365,45.46,104,30,완도 해역,34.31,126.76,open-meteo
2026-01-20,7.72,7.63,7.82,32.08,2.23,185,0.81,1.14,3.44,1023.81,-1.93,46,199.5,33,376,47.13,110.7,30,완도 해역,34.31,126.76,open-meteo
2026-01-21,7.56,7.36,7.72,31.27,2.3,171,0.81,0.98,3.42,1025.42,-2.24,59.8,187.8,25,375,49.1,121,30,완도 해역,34.31,126.76,open-meteo
2026-01-22,7.49,7.45,7.63,30.26,2.29,154,0.62,0.7,3.13,1027,-2.54,63.3,190.5,29,364,49.31,153.4,30,완도 해역,34.31,126.76,open-meteo
2026-01-23,7.34,7.26,7.45,30.37,2.3,103,0.53,0.86,3.17,1025.55,1.79,59.8,198.4,46,365,48.45,185.7,30,완도 해역,34.31,126.76,open-meteo
2026-01-24,7.04,6.9,7.26,30.52,2.05,117,0.58,0.66,3.21,1024.53,1.89,58.6,191.8,57,329,45.53,252.4,30,완도 해역,34.31,126.76,open-meteo
2026-01-25,6.82,6.71,6.9,30.49,1.85,130,0.38,0.58,2.66,1028.39,0.22,54.2,196,82,311,41.62,261.8,30,완도 해역,34.31,126.76,open-meteo
2026-01-26,6.6,6.53,6.71,32.09,1.59,161,0.31,0.46,2.36,1025.11,-0.49,58.3,202.4,90,295,36.09,281.4,30,완도 해역,34.31,126.76,open-meteo
2026-01-27,6.44,6.34,6.44,32.87,1.33,150,0.43,0.62,2.7,1024.32,1.3,57.6,198.5,92,274,27.46,277.4,30,완도 해역,34.31,126.76,open-meteo
2026-01-28,6.45,6.25,6.71,32.64,1.19,157,0.58,0.8,2.96,1026.98,-0.17,42.8,204.5,95,287,22.53,264.7,30,완도 해역,34.31,126.76,open-meteo
2026-01-29,6.39,6.25,6.53,32.47,1.33,131,0.25,0.44,2.36,1029.18,0.27,55.2,200.4,84,310,26.15,290.9,30,완도 해역,34.31,126.76,open-meteo
2026-01-30,6.02,5.88,6.25,32.44,1.55,148,0.38,0.5,2.58,1029.08,-0.88,54.3,199.3,59,339,32.82,126.3,30,완도 해역,34.31,126.76,open-meteo
2026-01-31,5.68,5.52,5.88,31.97,1.9,169,0.43,0.5,2.68,1026.6,0.28,46.1,201.2,42,367,42.17,114.1,30,완도 해역,34.31,126.76,open-meteo
2026-02-01,5.5,5.42,5.52,31.7,2.2,143,0.37,0.46,2.79,1025.87,1.5,62.5,196.9,10,394,48.33,103.4,30,완도 해역,34.31,126.76,open-meteo
2026-02-02,5.41,5.33,5.42,31.11,2.44,140,0.43,0.7,3.39,1026.06,1.15,65.3,192,8,396,50.58,104.4,30,완도 해역,34.31,126.76,open-meteo
2026-02-03,5.33,5.24,5.42,32.69,2.52,118,0.25,0.42,2.66,1028.54,1.9,62.5,192.1,-6,403,52.8,108.8,30,완도 해역,34.31,126.76,open-meteo
2026-02-04,5.61,5.15,6.16,31.57,2.49,92,0.11,0.14,2.77,1022.18,4,73.3,193.9,-6,400,53.73,112.6,30,완도 해역,34.31,126.76,open-meteo
2026-02-05,5.94,5.7,6.25,30.91,2.42,98,0.26,0.42,3.01,1017.23,7.29,74.3,201.8,30,383,51.78,168.5,30,완도 해역,34.31,126.76,open-meteo
2026-02-06,5.76,5.7,5.88,30.71,2.13,168,0.66,1.06,3.14,1020.61,1.01,51.9,198.5,46,355,50.8,175.3,30,완도 해역,34.31,126.76,open-meteo
2026-02-07,5.6,5.42,5.79,30.19,1.98,158,0.78,1.04,3.44,1022.95,-2.78,61.6,187.7,65,324,46.1,180.3,30,완도 해역,34.31,126.76,open-meteo
2026-02-08,5.4,5.33,5.42,29.63,1.63,162,0.72,0.84,3.3,1027.33,-3.95,69,184,92,285,41.58,287.6,30,완도 해역,34.31,126.76,open-meteo
2026-02-09,5.26,5.15,5.42,30.25,1.47,96,0.29,0.58,3.2,1027.55,0.74,66.1,194.8,114,266,32.45,263.8,30,완도 해역,34.31,126.76,open-meteo
2026-02-10,5.13,5.06,5.15,32.71,0.98,87,0.21,0.26,3.3,1020.33,3.37,81.2,202.8,131,263,21.55,281.7,30,완도 해역,34.31,126.76,open-meteo
2026-02-11,5.24,5.06,5.42,32.62,1.02,109,0.41,0.58,3.29,1020.56,4.9,74.7,199.9,144,245,18.14,248.7,30,완도 해역,34.31,126.76,open-meteo
2026-02-12,5.41,5.33,5.52,32.46,1.23,83,0.23,0.34,2.75,1022.03,4.45,67,202.4,141,267,15.42,281,30,완도 해역,34.31,126.76,open-meteo
2026-02-13,5.62,5.33,5.98,32.32,1.4,91,0.1,0.14,3.17,1019.29,4.55,76.7,207.1,129,292,24.97,96,30,완도 해역,34.31,126.76,open-meteo
2026-02-14,5.53,5.24,5.79,32.22,1.41,110,0.15,0.18,3.6,1015.72,7.64,78.7,213.3,115,320,31.66,120.3,30,완도 해역,34.31,126.76,open-meteo
2026-02-15,5.55,5.42,5.79,32.03,1.76,141,0.37,0.72,3.71,1017.53,7.5,78,209.3,90,340,39.64,99.3,30,완도 해역,34.31,126.76,open-meteo
2026-02-16,5.46,5.42,5.52,31.86,2.14,181,0.59,0.82,3.1,1020.79,3.35,52.3,205.8,61,358,44.62,102.1,30,완도 해역,34.31,126.76,open-meteo
2026-02-17,5.57,5.52,5.7,32.76,2.14,165,0.43,0.48,2.76,1021.57,3.68,52.3,198.2,43,368,45.95,104.3,30,완도 해역,34.31,126.76,open-meteo
2026-02-18,5.63,5.42,5.88,33.22,2.43,94,0.49,0.7,3.03,1021.78,5.14,56,188.6,14,374,49,111.6,30,완도 해역,34.31,126.76,open-meteo
2026-02-19,5.72,5.61,5.79,32.95,2.56,113,0.27,0.42,2.65,1023.28,3.87,59.3,193.5,15,386,55.68,106.7,30,완도 해역,34.31,126.76,open-meteo
2026-02-20,5.96,5.61,6.34,32.62,2.53,76,0.18,0.3,3.08,1018.39,6.99,71,193.8,15,381,52.78,114.9,30,완도 해역,34.31,126.76,open-meteo
2026-02-21,6.23,5.88,6.71,32.2,2.49,61,0.44,0.58,3.77,1013.22,11.15,68,196.6,35,360,54.23,173.4,30,완도 해역,34.31,126.76,open-meteo
2026-02-22,6.21,6.07,6.34,31.8,2.4,67,0.74,0.96,4.09,1010.93,11.43,66.5,196,29,360,48.95,188.4,30,완도 해역,34.31,126.76,open-meteo
2026-02-23,6.26,6.07,6.53,31.58,1.98,122,0.3,0.58,3.26,1022.64,6.55,30.8,199,67,313,39.03,268.2,30,완도 해역,34.31,126.76,open-meteo
2026-02-24,6.19,6.16,6.25,32.58,1.45,169,0.51,0.72,3.03,1019.62,4.96,69.3,214.2,109,320,32.79,273.7,30,완도 해역,34.31,126.76,open-meteo
2026-02-25,6.37,6.16,6.62,33.02,1.26,179,0.55,0.72,3.66,1019.43,7.62,73.5,221.1,119,303,23.21,284.2,30,완도 해역,34.31,126.76,open-meteo
2026-02-26,6.51,6.44,6.62,32.87,0.93,179,0.56,0.64,3.24,1017.25,9.09,69.4,213.9,132,293,15.91,252,30,완도 해역,34.31,126.76,open-meteo
2026-02-27,6.68,6.53,6.8,32.81,1.23,241,0.37,0.62,3.71,1013.25,8.9,85.5,222.5,112,333,24.52,281.9,30,완도 해역,34.31,126.76,open-meteo
2026-02-28,6.79,6.71,6.9,32.68,1.53,266,0.48,0.94,3.69,1019.28,8.4,76.4,222,96,350,32.96,90.2,30,완도 해역,34.31,126.76,open-meteo
2026-03-01,6.72,6.59,6.94,32.5,2.22,223,0.97,1.34,3.94,1020.5,9.3,70.8,222.1,76,376,37.89,94.8,30,완도 해역,34.31,126.76,open-meteo
2026-03-02,7.45,6.94,8,32.1,2.57,228,1.25,1.74,4.49,1013.61,7.4,91.1,232.6,57,416,48.98,105.1,30,완도 해역,34.31,126.76,open-meteo
2026-03-03,8.22,8,8.53,32.5,2.36,168,0.28,0.56,4.79,1018.25,7.77,86.4,216.5,45,406,49.29,104.7,30,완도 해역,34.31,126.76,open-meteo
2026-03-04,8.23,7.74,8.88,32.58,2.54,152,0.22,0.42,2.87,1022.26,7.64,74.9,200.8,21,394,51.5,103.6,30,완도 해역,34.31,126.76,open-meteo
2026-03-05,8.41,8.26,8.62,32.02,2.4,38,0.2,0.34,3.03,1021.36,8.62,80.9,205,34,381,51.48,108.2,30,완도 해역,34.31,126.76,open-meteo
2026-03-06,8.03,7.82,8.26,31.6,2.45,124,0.53,0.76,2.9,1020.63,5.54,72.5,196.2,41,366,48.85,116.7,30,완도 해역,34.31,126.76,open-meteo
2026-03-07,7.8,7.74,7.82,31.59,2.17,163,0.6,0.82,3.13,1025.88,3.07,55,195.9,59,352,51.4,112.9,30,완도 해역,34.31,126.76,open-meteo
2026-03-08,7.81,7.65,8.09,31.54,1.91,139,0.23,0.44,2.59,1026.37,3.18,54.2,207,80,346,45.45,116.5,30,완도 해역,34.31,126.76,open-meteo
2026-03-09,7.65,7.56,7.74,31.32,1.66,138,0.48,0.64,2.79,1026.12,4.24,59.8,202.1,96,315,42.1,145.9,30,완도 해역,34.31,126.76,open-meteo
2026-03-10,7.6,7.47,7.82,32.54,1.42,119,0.21,0.44,2.63,1025.85,4.54,60.4,208.2,122,292,34.25,272.1,30,완도 해역,34.31,126.76,open-meteo
2026-03-11,7.64,7.21,8.09,33.27,1.28,88,0.14,0.28,3.19,1023.7,5.22,61.3,210.1,147,270,23.14,290.2,30,완도 해역,34.31,126.76,open-meteo
2026-03-12,7.91,7.65,8.35,33.23,0.66,146,0.3,0.38,2.53,1023.49,7.14,61,213.9,161,261,9.8,250.9,30,완도 해역,34.31,126.76,open-meteo
2026-03-13,8.04,7.91,8.18,33.16,0.82,230,0.43,0.8,3.09,1026.99,7.67,57,217.2,163,281,10.37,241.7,30,완도 해역,34.31,126.76,open-meteo
2026-03-14,8.37,8.18,8.7,,0.94,98,0.22,0.3,2.9,1027.55,7.35,59.5,,,,,,30,완도 해역,34.31,126.76,open-meteo
2026-03-15,8.28,8.09,8.35,,1.35,139,0.27,0.48,2.41,1024.32,7.83,54.5,,,,,,30,완도 해역,34.31,126.76,open-meteo
2026-03-16,8.18,7.91,8.44,,1.65,125,0.18,0.36,3.16,1022.03,7.18,70.5,,,,,,30,완도 해역,34.31,126.76,open-meteo
2026-03-17,8.44,8,8.97,,2.05,77,0.12,0.34,3.52,1019.84,9.68,70.3,,,,,,30,완도 해역,34.31,126.76,open-meteo
2026-03-18,8.26,8.09,8.44,,2.32,3,0.51,0.8,2.97,1012.98,9.54,88.1,,,,,,30,완도 해역,34.31,126.76,open-meteo
2026-03-19,8.27,8,8.7,,2.56,156,0.41,0.64,2.83,1016.27,7.83,56.6,,,,,,30,완도 해역,34.31,126.76,open-meteo
2026-03-20,8.26,8.09,8.44,,2.67,126,0.29,0.4,2.59,1019.65,8.16,49.1,,,,,,30,완도 해역,34.31,126.76,open-meteo
2026-03-21,8.53,8.09,9.06,,2.66,107,0.09,0.24,3.33,1022.09,8.17,66.2,,,,,,30,완도 해역,34.31,126.76,open-meteo
2026-03-22,8.58,8.35,8.79,,2.46,63,0.05,0.16,4.37,1018.25,9.45,51.7,,,,,,30,완도 해역,34.31,126.76,open-meteo
2026-03-23,8.79,8.26,9.41,,2.28,114,0.2,0.3,3.85,1017.65,11.62,36.1,,,,,,30,완도 해역,34.31,126.76,open-meteo
2026-03-24,8.77,8.62,8.88,,1.77,243,0.58,0.78,3.37,1016.62,11.67,78.8,,,,,,30,완도 해역,34.31,126.76,open-meteo
2026-03-25,9.21,8.79,9.67,,1.62,167,0.34,0.46,3.64,1013.15,11.35,79.5,,,,,,30,완도 해역,34.31,126.76,open-meteo
2026-03-26,9.58,9.32,9.94,,1.44,98,0.29,0.4,2.75,1014.12,12.5,61,,,,,,30,완도 해역,34.31,126.76,open-meteo
2026-03-27,9.78,9.67,9.94,,1.47,88,0.19,0.32,2.64,1013.57,13.09,48.5,,,,,,30,완도 해역,34.31,126.76,open-meteo
2026-03-28,9.69,9.5,9.85,,1.57,104,0.29,0.4,2.6,1013.98,13.47,55.6,,,,,,30,완도 해역,34.31,126.76,open-meteo
2026-03-29,10.08,9.76,10.46,,1.64,92,0.19,0.26,2.63,1015.02,12.26,81,,,,,,30,완도 해역,34.31,126.76,open-meteo
2026-03-30,9.98,9.5,10.29,,2.23,251,0.54,1.1,2.97,1010.36,12.4,95.2,,,,,,30,완도 해역,34.31,126.76,open-meteo
2026-03-31,9.76,9.32,10.2,,2.27,223,0.49,0.8,4.04,1007.04,13.65,79.8,,,,,,30,완도 해역,34.31,126.76,open-meteo
2026-04-01,10.4,10.08,10.8,,2.26,255,0.24,0.3,4.08,1012.25,12.33,87,,,,,,30,완도 해역,34.31,126.76,open-meteo
2026-04-02,10.63,10.48,10.8,,2.44,108,0.25,0.36,2.81,1015.34,11.25,74.3,,,,,,30,완도 해역,34.31,126.76,open-meteo
2026-04-03,10.52,10.32,10.8,,2.48,55,0.26,0.68,3.36,1013.44,12.23,85.9,,,,,,30,완도 해역,34.31,126.76,open-meteo
2026-04-04,10.27,10.08,10.48,,2.13,140,0.85,1.22,4.74,999.32,13.16,85.4,,,,,,30,완도 해역,34.31,126.76,open-meteo
2026-04-05,10.55,10.4,10.72,,2.35,108,0.36,0.52,4.63,1008.78,9.81,74.8,,,,,,30,완도 해역,34.31,126.76,open-meteo
2026-04-06,10.44,10.24,10.64,,2.38,93,0.53,0.8,3.64,1008.43,14.25,84.5,,,,,,30,완도 해역,34.31,126.76,open-meteo
2026-04-07,10.4,10.16,10.64,,1.66,133,0.34,0.48,2.94,1014.73,9.77,41,,,,,,30,완도 해역,34.31,126.76,open-meteo
2026-04-08,10.34,9.76,11.12,,1.38,79,0.17,0.4,4.23,1018.25,8.92,60.8,,,,,,30,완도 해역,34.31,126.76,open-meteo
2026-04-09,9.8,9.52,10.24,,1.37,38,0.93,1.82,4.28,1005.82,14.03,93.8,,,,,,30,완도 해역,34.31,126.76,open-meteo
2026-04-10,9.6,9.52,9.68,,2.07,77,0.74,0.96,4.39,1003.48,12.92,85.4,,,,,,30,완도 해역,34.31,126.76,open-meteo
2026-04-11,10.06,9.6,10.56,,1.7,99,0.31,0.48,3.86,1011.91,12.8,82.5,,,,,,30,완도 해역,34.31,126.76,open-meteo
2026-04-12,10.54,10.48,10.64,,0.89,79,0.21,0.32,4.21,1013.9,13.32,80.7,,,,,,30,완도 해역,34.31,126.76,open-meteo
2026-04-13,10.76,10.32,11.36,,1.27,9,0.2,0.36,3.89,1013.37,14.93,73.8,,,,,,30,완도 해역,34.31,126.76,open-meteo
2026-04-14,10.66,10.64,10.72,,1.76,249,0.48,0.54,3.38,1011.37,14.63,77.6,,,,,,30,완도 해역,34.31,126.76,open-meteo
2026-04-15,11.22,10.64,11.92,,2.05,204,0.25,0.36,3.73,1010.62,16.58,66.8,,,,,,30,완도 해역,34.31,126.76,open-meteo
2026-04-16,11.47,11.2,11.68,,2.49,226,0.7,1.04,3.45,1015.78,14.48,65.7,,,,,,30,완도 해역,34.31,126.76,open-meteo
2026-04-17,11.22,11.12,11.36,,2.71,235,0.63,0.84,3.81,1013.27,13.81,90.8,,,,,,30,완도 해역,34.31,126.76,open-meteo
2026-04-18,11.55,11.36,11.68,,2.8,225,0.71,0.88,4.53,1012.54,15.18,91.8,,,,,,30,완도 해역,34.31,126.76,open-meteo
2026-04-19,11.74,11.6,11.84,,2.5,275,0.42,0.5,5.04,1011.85,15.38,95.8,,,,,,30,완도 해역,34.31,126.76,open-meteo
2026-04-20,12.2,11.84,12.56,,2.49,130,0.38,0.6,4.85,1011.63,14.65,85,,,,,,30,완도 해역,34.31,126.76,open-meteo
2026-04-21,12.34,12,12.8,,2.21,97,0.23,0.52,4.33,1017.47,11.65,56.1,,,,,,30,완도 해역,34.31,126.76,open-meteo
2026-04-22,12.44,11.84,12.96,,1.73,129,0.26,0.56,4.06,1012.24,12.62,74.1,,,,,,30,완도 해역,34.31,126.76,open-meteo
2026-04-23,13.08,12.88,13.28,,1.5,78,0.3,0.48,4.16,1007.9,13.85,78,,,,,,30,완도 해역,34.31,126.76,open-meteo
2026-04-24,13.29,13.12,13.52,,1.29,31,0.22,0.26,3.62,1014.25,13.71,69.8,,,,,,30,완도 해역,34.31,126.76,open-meteo
2026-04-25,13.31,13.12,13.6,,1.11,315,0.19,0.26,3.47,1017.19,13.43,72.9,,,,,,30,완도 해역,34.31,126.76,open-meteo
2026-04-26,13.52,13.2,13.92,,1.21,76,0.15,0.18,3.79,1012.43,14.42,79,,,,,,30,완도 해역,34.31,126.76,open-meteo
2026-04-27,13.4,13.28,13.6,,1.63,130,0.22,0.32,3.33,1011.14,15.08,60,,,,,,30,완도 해역,34.31,126.76,open-meteo
2026-04-28,13.24,13.04,13.44,,1.91,140,0.38,0.5,2.7,1013.4,14.41,63.1,,,,,,30,완도 해역,34.31,126.76,open-meteo
2026-04-29,13.38,12.96,13.84,,2,119,0.2,0.42,2.81,1017.18,14.01,56.4,,,,,,30,완도 해역,34.31,126.76,open-meteo
2026-04-30,13.56,13.28,14,,2.1,123,0.16,0.3,3.02,1013.87,14.6,67,,,,,,30,완도 해역,34.31,126.76,open-meteo
2026-05-01,12.72,12.06,12.9,,2.21,118,0.51,0.72,3.12,1010.67,15.31,59.7,,,,,,30,완도 해역,34.31,126.76,open-meteo
2026-05-02,12.06,11.71,12.41,,2.31,104,0.22,0.36,3.65,1011.27,15.15,78.5,,,,,,30,완도 해역,34.31,126.76,open-meteo
2026-05-03,11.7,11.5,12.27,,2.17,83,0.53,0.78,3.38,1003.24,14.17,90.7,,,,,,30,완도 해역,34.31,126.76,open-meteo
2026-05-04,10.78,10.52,11.43,,2.67,102,0.58,0.96,3.44,1013.32,13.8,69.1,,,,,,30,완도 해역,34.31,126.76,open-meteo
2026-05-05,11.02,10.52,11.64,,2.03,105,0.14,0.24,3.9,1017.48,12.38,77,,,,,,30,완도 해역,34.31,126.76,open-meteo
2026-05-06,11.61,11.08,12.27,,1.71,62,0.18,0.22,3.24,1015.72,14.82,76.3,,,,,,30,완도 해역,34.31,126.76,open-meteo
2026-05-07,12.19,11.71,12.83,,1.69,84,0.2,0.34,3.85,1011.88,15.83,83.1,,,,,,30,완도 해역,34.31,126.76,open-meteo
2026-05-08,11.81,11.36,12.13,,1.83,117,0.51,0.64,3,1014.48,16.09,54.2,,,,,,30,완도 해역,34.31,126.76,open-meteo
2026-05-09,11.61,11.15,12.27,,1.52,100,0.16,0.3,3.31,1018.34,14.89,56,,,,,,30,완도 해역,34.31,126.76,open-meteo
2026-05-10,12,11.71,12.48,,1.27,69,0.11,0.22,4.62,1017.22,14.71,71.3,,,,,,30,완도 해역,34.31,126.76,open-meteo
2026-05-11,11.71,11.57,11.92,,1.26,45,0.35,0.48,3.26,1013.9,17.31,81.5,,,,,,30,완도 해역,34.31,126.76,open-meteo
2026-05-12,12.15,11.57,12.69,,1.5,107,0.32,0.42,4.15,1008.73,16.99,87.5,,,,,,30,완도 해역,34.31,126.76,open-meteo
2026-05-13,13.06,12.41,13.88,,1.85,113,0.2,0.26,4.83,1008.41,17.62,77.3,,,,,,30,완도 해역,34.31,126.76,open-meteo
2026-05-14,13.75,13.32,14.02,,2.07,353,0.23,0.54,4.02,1013,16.8,85.6,,,,,,30,완도 해역,34.31,126.76,open-meteo
2026-05-15,12.77,12.55,13.18,,2.22,249,0.5,0.78,3.41,1019.41,17.81,79.3,,,,,,30,완도 해역,34.31,126.76,open-meteo
2026-05-16,13.36,12.83,14.09,,2.25,279,0.15,0.22,4.44,1020.29,19.27,66.1,,,,,,30,완도 해역,34.31,126.76,open-meteo
2026-05-17,14.07,13.6,14.51,,2.43,144,0.16,0.26,4.16,1017.87,21.07,58,,,,,,30,완도 해역,34.31,126.76,open-meteo
2026-05-18,14.46,14.09,15,,2.61,68,0.16,0.26,4.95,1015.58,19.49,69.4,,,,,,30,완도 해역,34.31,126.76,open-meteo
2026-05-19,14.29,14.09,14.51,,2.38,27,0.39,0.54,3.03,1012.52,19.64,86.5,,,,,,30,완도 해역,34.31,126.76,open-meteo
2026-05-20,13.88,13.74,14.02,,2.06,311,0.61,0.66,3.71,1006.57,18.3,98.6,,,,,,30,완도 해역,34.31,126.76,open-meteo
2026-05-21,14.36,13.88,14.79,,2.08,132,0.51,0.64,3.53,1004.63,18.37,88.9,,,,,,30,완도 해역,34.31,126.76,open-meteo
2026-05-22,14.95,14.79,15.14,,1.45,254,0.52,0.8,3.7,1010.03,17.96,84.3,,,,,,30,완도 해역,34.31,126.76,open-meteo
2026-05-23,14.87,14.65,15.07,,1.82,245,0.46,0.84,3.2,1010.23,17.82,84.7,,,,,,30,완도 해역,34.31,126.76,open-meteo
2026-05-24,14.85,14.65,15.07,,1.76,261,0.38,0.48,2.92,1012.21,18.23,87.8,,,,,,30,완도 해역,34.31,126.76,open-meteo
2026-05-25,14.95,14.86,15.07,,1.63,279,0.51,0.58,3.17,1009.27,20.08,90.9,,,,,,30,완도 해역,34.31,126.76,open-meteo
2026-05-26,14.92,14.86,15,,1.6,290,0.74,0.84,3.91,1004.5,20.03,92.9,,,,,,30,완도 해역,34.31,126.76,open-meteo
2026-05-27,15.01,14.79,15.42,,2.1,247,0.65,0.92,4.06,1001.85,20.79,93,,,,,,30,완도 해역,34.31,126.76,open-meteo
2026-05-28,15.69,15.42,15.91,,1.47,178,0.31,0.48,4.03,1004.02,20.9,89.5,,,,,,30,완도 해역,34.31,126.76,open-meteo
2026-05-29,15.95,15.63,16.33,,2.03,139,0.33,0.46,2.92,1007.45,21.16,72.4,,,,,,30,완도 해역,34.31,126.76,open-meteo
2026-05-30,16.18,15.98,16.4,,1.89,133,0.23,0.26,2.52,1009.99,21.6,64.4,,,,,,30,완도 해역,34.31,126.76,open-meteo
2026-05-31,16.5,16.12,16.96,,1.98,94,0.1,0.14,5.93,1011.85,21.29,69.3,,,,,,30,완도 해역,34.31,126.76,open-meteo
2026-06-01,14.75,14.44,15.02,,1.95,29,0.34,0.6,5.81,1012.86,20.47,84.7,,,,,,30,완도 해역,34.31,126.76,open-meteo
2026-06-02,14.43,14.32,14.67,,1.89,234,0.64,0.82,5.08,1005.47,20.48,90.3,,,,,,30,완도 해역,34.31,126.76,open-meteo
2026-06-03,15.09,14.61,15.54,,1.87,178,0.23,0.42,8.23,1003.22,21.22,87.4,,,,,,30,완도 해역,34.31,126.76,open-meteo
2026-06-04,15.31,15.13,15.54,,1.59,349,0.31,0.46,3.72,1001.77,20.79,91.4,,,,,,30,완도 해역,34.31,126.76,open-meteo
2026-06-05,15.19,15.08,15.31,,1.78,130,0.31,0.4,3.16,1006.55,20.79,72.5,,,,,,30,완도 해역,34.31,126.76,open-meteo
2026-06-06,15.11,15.02,15.19,,1.44,208,0.37,0.7,2.82,1010.59,20,69.1,,,,,,30,완도 해역,34.31,126.76,open-meteo
2026-06-07,15.34,15.08,15.66,,1.73,242,0.45,0.72,3.71,1006.81,21.72,81,,,,,,30,완도 해역,34.31,126.76,open-meteo
2026-06-08,15.61,15.54,15.66,,1.58,201,0.24,0.3,4.33,1006.73,19.55,83.3,,,,,,30,완도 해역,34.31,126.76,open-meteo
2026-06-09,15.81,15.54,16.18,,1.38,53,0.16,0.26,3.76,1007.16,19.56,79.8,,,,,,30,완도 해역,34.31,126.76,open-meteo
2026-06-10,15.64,15.42,15.89,,1.41,103,0.14,0.22,3.41,1008.76,20.62,68.6,,,,,,30,완도 해역,34.31,126.76,open-meteo
2026-06-11,15.48,15.31,15.6,,1.83,105,0.34,0.48,2.9,1010.92,21.42,69.2,,,,,,30,완도 해역,34.31,126.76,open-meteo
2026-06-12,15.54,15.25,15.95,,2.01,102,0.12,0.22,4.71,1012.86,20.26,80.7,,,,,,30,완도 해역,34.31,126.76,open-meteo
2026-06-13,15.66,15.54,15.89,,2.08,57,0.2,0.3,4.06,1011.28,21.08,86.5,,,,,,30,완도 해역,34.31,126.76,open-meteo
2026-06-14,15.72,15.54,15.95,,2.23,78,0.26,0.32,3.51,1009.82,21.81,87.1,,,,,,30,완도 해역,34.31,126.76,open-meteo
2026-06-15,15.74,15.6,15.89,,2.34,308,0.31,0.42,3.8,1011.56,22.46,78.6,,,,,,30,완도 해역,34.31,126.76,open-meteo
2026-06-16,15.42,15.37,15.6,,2.42,227,0.54,0.66,3.41,1011.9,22.61,78,,,,,,30,완도 해역,34.31,126.76,open-meteo
2026-06-17,15.48,15.42,15.54,,2.36,254,0.65,0.72,3.85,1009.3,22.38,88.9,,,,,,30,완도 해역,34.31,126.76,open-meteo
2026-06-18,15.92,15.54,16.35,,2.3,148,0.26,0.48,4.53,1007.75,22.32,94.1,,,,,,30,완도 해역,34.31,126.76,open-meteo
2026-06-19,16.27,16.12,16.47,,2.1,35,0.23,0.56,4.37,1005.83,22.59,92.6,,,,,,30,완도 해역,34.31,126.76,open-meteo
2026-06-20,15.66,15.37,16.12,,3.33,73,0.89,1.22,4.42,1000.77,22.96,89.2,,,,,,30,완도 해역,34.31,126.76,open-meteo
2026-06-21,15.93,15.71,16.24,,2.35,93,0.39,0.64,4.34,1007.15,22.85,84.1,,,,,,30,완도 해역,34.31,126.76,open-meteo
2026-06-22,15.75,15.37,15.95,,1.37,196,0.37,0.68,3.98,1008.15,20.25,94.8,,,,,,30,완도 해역,34.31,126.76,open-meteo
2026-06-23,14.77,14.32,15.37,,2.75,255,0.93,1.06,3.82,1006.78,20.95,81.9,,,,,,30,완도 해역,34.31,126.76,open-meteo
2026-06-24,14.28,14.15,14.38,,2.53,254,0.79,0.92,3.7,1004.88,21.21,82.8,,,,,,30,완도 해역,34.31,126.76,open-meteo
2026-06-25,14.7,14.32,15.08,,1.36,230,0.37,0.82,4.27,1003.5,22.59,78.2,,,,,,30,완도 해역,34.31,126.76,open-meteo
2026-06-26,15.93,15.08,16.76,,1.38,152,0.24,0.32,6.1,1003.98,23.01,76.6,,,,,,30,완도 해역,34.31,126.76,open-meteo
2026-06-27,16.08,15.89,16.24,,1.6,77,0.18,0.22,5.65,1004.38,22.24,84.5,,,,,,30,완도 해역,34.31,126.76,open-meteo
2026-06-28,16.13,15.89,16.41,,1.67,109,0.13,0.14,6.54,1008.35,22.05,85,,,,,,30,완도 해역,34.31,126.76,open-meteo
2026-06-29,16.43,16.12,16.87,,1.93,85,0.1,0.12,6.3,1011.04,22.08,84.9,,,,,,30,완도 해역,34.31,126.76,open-meteo
2026-06-30,16.15,15.89,16.35,,1.8,20,0.31,0.52,3.33,1010.91,22.18,84.5,,,,,,30,완도 해역,34.31,126.76,open-meteo
2026-07-01,21.19,20.9,21.5,,1.85,168,0.56,0.7,3.55,1005.3,21.22,92,,,,,,30,완도 해역,34.31,126.76,open-meteo